Domain;Score
D->A;0.9129955947136564
D->W;0.963265306122449
D->C;0.7847157502329916
C->D;0.9626168224299065
A->D;0.9252336448598131
A->W;0.9673469387755103
A->C;0.8
C->A;0.9218061674008811
C->W;0.9510204081632653
W->A;0.9185022026431718
W->C;0.7819198508853681
W->D;0.9252336448598131
